,mean,std,min,max,median
0,0.70100015,2.484162,-6.9635777,9.503149,0.578699
1,2.1624198,3.490216,-7.527533,18.88576,1.6608305
2,1.625749,2.6248302,-5.813931,12.97487,1.3985007
3,1.8635662,3.0352876,-8.822342,12.795336,1.7592463
4,2.2250373,1.6744173,-3.78245,9.780398,2.1645093
5,2.0055058,2.7627394,-8.30102,9.042985,2.6643686
6,2.1116202,2.4885526,-4.3019814,12.227011,1.542834
7,2.0157528,2.4893315,-5.2777333,13.630386,1.5449169
8,1.9966215,1.5647347,-3.9706028,7.041729,2.1060991
9,1.9912221,2.1426954,-5.9664764,10.56618,1.8080573
10,1.993604,1.0038981,-1.0367544,5.8187084,1.9735532
11,1.9176425,2.364788,-4.823657,12.099548,1.765508
12,1.9226114,1.1289026,-2.4330819,5.850443,1.9623551
13,1.9694622,1.0329603,-1.3958416,5.9575753,1.9432306
14,1.9849275,1.421863,-3.376431,8.174409,1.9375849
15,1.9657469,2.1148202,-4.703774,8.4324875,2.0074036
16,1.9975725,1.6669601,-3.3496363,9.296666,1.962734
17,2.0307138,1.2831303,-2.943658,6.482678,2.0366707
18,2.037936,1.9905378,-4.031774,10.164231,1.7401671
19,2.0274107,1.4570551,-3.922031,6.6396947,2.1235445
20,2.0185685,1.3084563,-3.4659822,7.516527,1.993629
21,2.015704,1.181297,-2.1322718,6.907747,1.9642483
22,2.0172741,1.8392261,-2.8105772,6.7574224,2.013683
23,2.0522912,1.1280849,-1.919176,6.622073,2.0625148
24,2.0469472,1.0671343,-1.3736485,6.5552654,2.0063062
25,2.090724,1.0046175,-1.5909965,5.2460785,2.1003625
26,2.0232043,1.0617684,-3.1046991,5.6333103,2.0482817
27,2.021158,0.98734874,-1.2198253,6.4040837,1.9912975
28,2.0801659,1.5488726,-2.3345423,6.2519794,2.0859447
29,2.1277769,0.91501445,-1.0180016,6.284265,2.0829735
30,0.03716568,1.9947852,-4.194889,7.5016,-0.43304226
31,0.006735773,2.807591,-6.40998,8.670315,-0.6796549
32,0.1040383,3.5152671,-6.832468,12.062051,-0.781408
33,0.07347633,2.1330245,-6.8304477,7.6277523,-0.014102042
34,-0.0017622648,1.6590157,-4.980819,6.4643927,-0.29070336
35,0.04401959,2.6866403,-4.910018,10.491425,-0.67405796
36,0.04693957,2.3934975,-5.4130316,7.688921,-0.76208913
37,0.050627105,2.7459228,-5.0669103,10.205084,-0.77534014
38,0.026816247,1.5495642,-5.4734364,6.305003,0.041504167
39,0.032359768,5.163425,-8.531308,21.70657,-1.3520792
40,0.00034220898,0.9223681,-2.7837088,3.3442037,-0.080586985
41,0.034562044,2.515958,-5.9112144,9.901878,-0.63554144
42,0.0001978915,1.3877782,-2.7691238,5.9047313,-0.3342244
43,0.048321042,1.2237419,-3.2720072,4.049954,0.061989248
44,0.051029872,1.5874325,-3.7690635,6.303106,-0.14086989
45,0.04663048,2.0437374,-4.763853,6.8758407,-0.29991663
46,0.047200494,1.8478198,-5.843675,6.71015,-0.106116906
47,0.053975467,1.1464738,-3.2145846,4.2219768,0.04672333
48,0.058518168,2.605081,-4.465576,8.698719,-0.71684706
49,0.048197817,1.3759085,-4.2507706,5.102341,0.021206368
50,0.05586315,1.4462767,-5.8621407,5.8963413,0.06667546
51,0.05170277,0.8826337,-2.853065,3.081731,0.04574488
52,0.06861381,1.2010261,-3.5004568,3.5698583,0.05943781
53,0.06492785,1.2398534,-3.7654617,5.2083154,-0.007676933
54,0.06540695,0.92408633,-3.3422434,3.0491643,0.043705963
55,0.096845075,1.1654078,-2.9946327,3.3230584,0.11022416
56,0.05805111,0.87845343,-3.1508636,4.0508323,-0.027127005
57,0.0462956,0.9658563,-3.2804267,3.4248846,0.08690339
58,0.08180766,0.8293222,-2.239302,2.3789241,0.10259045
59,0.08624142,0.9668809,-2.8125577,2.8470068,0.10235106
60,0.039390944,24.568897,-70.19491,72.5906,-0.3561772
61,0.0,0.0,0.0,0.0,0.0
62,0.0,0.0,0.0,0.0,0.0
63,0.0,0.0,0.0,0.0,0.0
64,0.0,0.0,0.0,0.0,0.0
65,0.0,0.0,0.0,0.0,0.0
66,0.0,0.0,0.0,0.0,0.0
67,0.0,0.0,0.0,0.0,0.0
68,0.0,0.0,0.0,0.0,0.0
69,0.0,0.0,0.0,0.0,0.0
70,0.0,0.0,0.0,0.0,0.0
71,0.0,0.0,0.0,0.0,0.0
72,0.0,0.0,0.0,0.0,0.0
73,0.0,0.0,0.0,0.0,0.0
74,0.0,0.0,0.0,0.0,0.0
75,0.0,0.0,0.0,0.0,0.0
76,0.0,0.0,0.0,0.0,0.0
77,0.0,0.0,0.0,0.0,0.0
78,0.0,0.0,0.0,0.0,0.0
79,0.0,0.0,0.0,0.0,0.0
80,0.0,0.0,0.0,0.0,0.0
81,0.0,0.0,0.0,0.0,0.0
82,0.0,0.0,0.0,0.0,0.0
83,0.0,0.0,0.0,0.0,0.0
84,0.0,0.0,0.0,0.0,0.0
85,0.0,0.0,0.0,0.0,0.0
86,0.0,0.0,0.0,0.0,0.0
87,0.0,0.0,0.0,0.0,0.0
88,0.0,0.0,0.0,0.0,0.0
89,0.0,0.0,0.0,0.0,0.0
90,0.0,0.0,0.0,0.0,0.0
91,0.40522024,0.32789373,0.0,1.6626292,0.37043005
92,0.0,0.0,0.0,0.0,0.0
93,0.0,0.0,0.0,0.0,0.0
94,0.0,0.0,0.0,0.0,0.0
95,0.0,0.0,0.0,0.0,0.0
96,0.0,0.0,0.0,0.0,0.0
97,0.0,0.0,0.0,0.0,0.0
98,0.0,0.0,0.0,0.0,0.0
99,0.0,0.0,0.0,0.0,0.0
100,0.0,0.0,0.0,0.0,0.0
101,0.0,0.0,0.0,0.0,0.0
102,0.0,0.0,0.0,0.0,0.0
103,0.0,0.0,0.0,0.0,0.0
104,0.0,0.0,0.0,0.0,0.0
105,0.0,0.0,0.0,0.0,0.0
106,0.0,0.0,0.0,0.0,0.0
107,0.0,0.0,0.0,0.0,0.0
108,0.0,0.0,0.0,0.0,0.0
109,0.0,0.0,0.0,0.0,0.0
110,0.0,0.0,0.0,0.0,0.0
111,0.019729478,0.026226483,0.0,0.1672283,0.008419142
112,0.0,0.0,0.0,0.0,0.0
113,0.0,0.0,0.0,0.0,0.0
114,0.0,0.0,0.0,0.0,0.0
115,0.17965028,0.13504177,0.0,0.7623664,0.15487488
116,0.0,0.0,0.0,0.0,0.0
117,0.0,0.0,0.0,0.0,0.0
118,0.0,0.0,0.0,0.0,0.0
119,0.0,0.0,0.0,0.0,0.0
120,0.0,0.0,0.0,0.0,0.0
121,0.0,0.0,0.0,0.0,0.0
122,0.0,0.0,0.0,0.0,0.0
123,0.0,0.0,0.0,0.0,0.0
124,0.0,0.0,0.0,0.0,0.0
125,0.0,0.0,0.0,0.0,0.0
126,0.0,0.0,0.0,0.0,0.0
127,0.0,0.0,0.0,0.0,0.0
128,0.0,0.0,0.0,0.0,0.0
129,0.0,0.0,0.0,0.0,0.0
130,0.0,0.0,0.0,0.0,0.0
131,0.0,0.0,0.0,0.0,0.0
132,0.0,0.0,0.0,0.0,0.0
133,0.0,0.0,0.0,0.0,0.0
134,0.0,0.0,0.0,0.0,0.0
135,0.0,0.0,0.0,0.0,0.0
136,0.0,0.0,0.0,0.0,0.0
137,0.0,0.0,0.0,0.0,0.0
138,0.0,0.0,0.0,0.0,0.0
139,0.0,0.0,0.0,0.0,0.0
140,1.0861025e-05,0.00045524127,0.0,0.024883652,0.0
141,0.0,0.0,0.0,0.0,0.0
142,0.0,0.0,0.0,0.0,0.0
143,0.0,0.0,0.0,0.0,0.0
144,0.0,0.0,0.0,0.0,0.0
145,0.0,0.0,0.0,0.0,0.0
146,0.0,0.0,0.0,0.0,0.0
147,0.0,0.0,0.0,0.0,0.0
148,0.0,0.0,0.0,0.0,0.0
149,0.0,0.0,0.0,0.0,0.0
150,0.0,0.0,0.0,0.0,0.0
151,0.0,0.0,0.0,0.0,0.0
152,0.0,0.0,0.0,0.0,0.0
153,0.019968946,0.14790285,0.0,3.6352408,0.0
154,1.6042162,0.95334584,0.0,5.422047,1.5345829
155,2.0527444,1.1647192,0.0,7.8982987,1.9974185
156,0.8546341,0.6357805,0.0,3.9812148,0.72875834
157,1.2600402,0.99119884,0.0,5.851744,1.0413208
158,1.2662938,1.0003343,0.0,6.415943,1.0421426
159,1.6559772,1.2390044,0.0,8.313689,1.397131
160,1.4071696,1.1142082,0.0,7.4356427,1.1570727
161,1.7828264,1.3372921,0.0,8.139338,1.5278745
162,0.0,0.0,0.0,0.0,0.0
163,0.0027051468,0.0059941337,0.0,0.02642295,0.0
164,0.0,0.0,0.0,0.0,0.0
165,0.0,0.0,0.0,0.0,0.0
166,0.0,0.0,0.0,0.0,0.0
167,0.0,0.0,0.0,0.0,0.0
168,0.0,0.0,0.0,0.0,0.0
169,0.00060923677,0.016144805,0.0,0.75586647,0.0
170,0.0,0.0,0.0,0.0,0.0
171,0.0,0.0,0.0,0.0,0.0
172,0.0,0.0,0.0,0.0,0.0
173,0.0,0.0,0.0,0.0,0.0
174,0.0,0.0,0.0,0.0,0.0
175,2.0345886,1.118845,0.0,7.1602035,1.8576949
176,0.0,0.0,0.0,0.0,0.0
177,0.0,0.0,0.0,0.0,0.0
178,0.0,0.0,0.0,0.0,0.0
179,0.0,0.0,0.0,0.0,0.0
180,0.0,0.0,0.0,0.0,0.0
181,0.0,0.0,0.0,0.0,0.0
182,0.0,0.0,0.0,0.0,0.0
183,0.0,0.0,0.0,0.0,0.0
184,0.0,0.0,0.0,0.0,0.0
185,0.0,0.0,0.0,0.0,0.0
186,0.0,0.0,0.0,0.0,0.0
187,0.0,0.0,0.0,0.0,0.0
188,0.0,0.0,0.0,0.0,0.0
189,0.0,0.0,0.0,0.0,0.0
190,0.0,0.0,0.0,0.0,0.0
191,0.0,0.0,0.0,0.0,0.0
192,0.0,0.0,0.0,0.0,0.0
193,0.0,0.0,0.0,0.0,0.0
194,0.0,0.0,0.0,0.0,0.0
195,0.0,0.0,0.0,0.0,0.0
196,0.0,0.0,0.0,0.0,0.0
197,0.0,0.0,0.0,0.0,0.0
198,0.0,0.0,0.0,0.0,0.0
199,0.0,0.0,0.0,0.0,0.0
200,0.0,0.0,0.0,0.0,0.0
201,0.0,0.0,0.0,0.0,0.0
202,0.0,0.0,0.0,0.0,0.0
203,0.0,0.0,0.0,0.0,0.0
204,0.0,0.0,0.0,0.0,0.0
205,0.0,0.0,0.0,0.0,0.0
206,0.0,0.0,0.0,0.0,0.0
207,0.0,0.0,0.0,0.0,0.0
208,0.0,0.0,0.0,0.0,0.0
209,0.0,0.0,0.0,0.0,0.0
210,0.0,0.0,0.0,0.0,0.0
211,0.0,0.0,0.0,0.0,0.0
212,0.0,0.0,0.0,0.0,0.0
213,0.0,0.0,0.0,0.0,0.0
214,0.0,0.0,0.0,0.0,0.0
215,0.0,0.0,0.0,0.0,0.0
216,0.0,0.0,0.0,0.0,0.0
217,0.0,0.0,0.0,0.0,0.0
218,0.0,0.0,0.0,0.0,0.0
219,0.0,0.0,0.0,0.0,0.0
220,0.0,0.0,0.0,0.0,0.0
221,0.0,0.0,0.0,0.0,0.0
222,0.0,0.0,0.0,0.0,0.0
223,0.0,0.0,0.0,0.0,0.0
224,0.0,0.0,0.0,0.0,0.0
225,0.0,0.0,0.0,0.0,0.0
226,0.0,0.0,0.0,0.0,0.0
227,0.0,0.0,0.0,0.0,0.0
228,0.0,0.0,0.0,0.0,0.0
229,0.0,0.0,0.0,0.0,0.0
230,0.0,0.0,0.0,0.0,0.0
231,0.0,0.0,0.0,0.0,0.0
232,0.0,0.0,0.0,0.0,0.0
233,0.0,0.0,0.0,0.0,0.0
234,0.0,0.0,0.0,0.0,0.0
235,0.0,0.0,0.0,0.0,0.0
236,0.0,0.0,0.0,0.0,0.0
237,0.0,0.0,0.0,0.0,0.0
238,0.0,0.0,0.0,0.0,0.0
239,0.0,0.0,0.0,0.0,0.0
240,0.0,0.0,0.0,0.0,0.0
241,0.0,0.0,0.0,0.0,0.0
242,0.0,0.0,0.0,0.0,0.0
243,0.0,0.0,0.0,0.0,0.0
244,0.0,0.0,0.0,0.0,0.0
245,0.0,0.0,0.0,0.0,0.0
246,0.0,0.0,0.0,0.0,0.0
247,0.0,0.0,0.0,0.0,0.0
248,0.0,0.0,0.0,0.0,0.0
249,0.0,0.0,0.0,0.0,0.0
250,0.0,0.0,0.0,0.0,0.0
251,0.0,0.0,0.0,0.0,0.0
252,0.0,0.0,0.0,0.0,0.0
253,0.0,0.0,0.0,0.0,0.0
254,0.0,0.0,0.0,0.0,0.0
255,0.0,0.0,0.0,0.0,0.0
256,0.0,0.0,0.0,0.0,0.0
257,0.00027432689,0.0013861768,0.0,0.049194645,0.0
258,0.0,0.0,0.0,0.0,0.0
259,0.0,0.0,0.0,0.0,0.0
260,0.0,0.0,0.0,0.0,0.0
261,0.0,0.0,0.0,0.0,0.0
262,0.0,0.0,0.0,0.0,0.0
263,0.0,0.0,0.0,0.0,0.0
264,0.0,0.0,0.0,0.0,0.0
265,0.0,0.0,0.0,0.0,0.0
266,0.0,0.0,0.0,0.0,0.0
267,0.0,0.0,0.0,0.0,0.0
268,0.0,0.0,0.0,0.0,0.0
269,0.0,0.0,0.0,0.0,0.0
270,0.0,0.0,0.0,0.0,0.0
271,0.0,0.0,0.0,0.0,0.0
272,0.0,0.0,0.0,0.0,0.0
273,0.0,0.0,0.0,0.0,0.0
274,0.0,0.0,0.0,0.0,0.0
275,0.0,0.0,0.0,0.0,0.0
276,0.0,0.0,0.0,0.0,0.0
277,0.0,0.0,0.0,0.0,0.0
278,0.0,0.0,0.0,0.0,0.0
279,0.0,0.0,0.0,0.0,0.0
280,0.0,0.0,0.0,0.0,0.0
281,0.0,0.0,0.0,0.0,0.0
282,0.0,0.0,0.0,0.0,0.0
283,0.0,0.0,0.0,0.0,0.0
284,0.0,0.0,0.0,0.0,0.0
285,0.0,0.0,0.0,0.0,0.0
286,0.0,0.0,0.0,0.0,0.0
287,0.0,0.0,0.0,0.0,0.0
288,0.0,0.0,0.0,0.0,0.0
289,0.0,0.0,0.0,0.0,0.0
290,0.0,0.0,0.0,0.0,0.0
291,0.0,0.0,0.0,0.0,0.0
292,0.0,0.0,0.0,0.0,0.0
293,0.0,0.0,0.0,0.0,0.0
294,0.0,0.0,0.0,0.0,0.0
295,0.0,0.0,0.0,0.0,0.0
296,0.0,0.0,0.0,0.0,0.0
297,0.0,0.0,0.0,0.0,0.0
298,0.0,0.0,0.0,0.0,0.0
299,0.0,0.0,0.0,0.0,0.0
300,0.0,0.0,0.0,0.0,0.0
301,0.0,0.0,0.0,0.0,0.0
302,0.0,0.0,0.0,0.0,0.0
303,0.0,0.0,0.0,0.0,0.0
304,0.0,0.0,0.0,0.0,0.0
305,0.0,0.0,0.0,0.0,0.0
306,0.0,0.0,0.0,0.0,0.0
307,0.0,0.0,0.0,0.0,0.0
308,0.0,0.0,0.0,0.0,0.0
309,0.0,0.0,0.0,0.0,0.0
310,0.0,0.0,0.0,0.0,0.0
311,0.0,0.0,0.0,0.0,0.0
312,0.0,0.0,0.0,0.0,0.0
313,0.0,0.0,0.0,0.0,0.0
314,0.0,0.0,0.0,0.0,0.0
315,0.0,0.0,0.0,0.0,0.0
316,0.0,0.0,0.0,0.0,0.0
317,0.0,0.0,0.0,0.0,0.0
318,0.0,0.0,0.0,0.0,0.0
319,0.0,0.0,0.0,0.0,0.0
320,0.0,0.0,0.0,0.0,0.0
321,0.0,0.0,0.0,0.0,0.0
322,0.0,0.0,0.0,0.0,0.0
323,0.0,0.0,0.0,0.0,0.0
324,0.0,0.0,0.0,0.0,0.0
325,0.0,0.0,0.0,0.0,0.0
326,0.0,0.0,0.0,0.0,0.0
327,0.0,0.0,0.0,0.0,0.0
328,0.0,0.0,0.0,0.0,0.0
329,0.0,0.0,0.0,0.0,0.0
330,0.0,0.0,0.0,0.0,0.0
331,0.0,0.0,0.0,0.0,0.0
332,0.0,0.0,0.0,0.0,0.0
333,0.0,0.0,0.0,0.0,0.0
334,0.0,0.0,0.0,0.0,0.0
335,0.0,0.0,0.0,0.0,0.0
336,0.0,0.0,0.0,0.0,0.0
337,0.0,0.0,0.0,0.0,0.0
338,0.0,0.0,0.0,0.0,0.0
339,0.0,0.0,0.0,0.0,0.0
340,0.0,0.0,0.0,0.0,0.0
341,0.0,0.0,0.0,0.0,0.0
342,0.0,0.0,0.0,0.0,0.0
343,0.0,0.0,0.0,0.0,0.0
344,0.0,0.0,0.0,0.0,0.0
345,0.0,0.0,0.0,0.0,0.0
346,0.0,0.0,0.0,0.0,0.0
347,0.0,0.0,0.0,0.0,0.0
348,0.0,0.0,0.0,0.0,0.0
349,0.0,0.0,0.0,0.0,0.0
350,0.0,0.0,0.0,0.0,0.0
351,0.0,0.0,0.0,0.0,0.0
352,0.0,0.0,0.0,0.0,0.0
353,0.0,0.0,0.0,0.0,0.0
354,0.0,0.0,0.0,0.0,0.0
355,0.0,0.0,0.0,0.0,0.0
356,0.0,0.0,0.0,0.0,0.0
357,0.0,0.0,0.0,0.0,0.0
358,0.0,0.0,0.0,0.0,0.0
359,0.0,0.0,0.0,0.0,0.0
360,0.0,0.0,0.0,0.0,0.0
361,0.0,0.0,0.0,0.0,0.0
362,0.0,0.0,0.0,0.0,0.0
363,0.0,0.0,0.0,0.0,0.0
364,0.0,0.0,0.0,0.0,0.0
365,0.0,0.0,0.0,0.0,0.0
366,0.0,0.0,0.0,0.0,0.0
367,0.0,0.0,0.0,0.0,0.0
368,0.0,0.0,0.0,0.0,0.0
369,0.0,0.0,0.0,0.0,0.0
370,0.0,0.0,0.0,0.0,0.0
371,0.0,0.0,0.0,0.0,0.0
372,0.0,0.0,0.0,0.0,0.0
373,0.0,0.0,0.0,0.0,0.0
374,0.0,0.0,0.0,0.0,0.0
375,0.0,0.0,0.0,0.0,0.0
376,0.0,0.0,0.0,0.0,0.0
377,0.0,0.0,0.0,0.0,0.0
378,0.0,0.0,0.0,0.0,0.0
379,0.0,0.0,0.0,0.0,0.0
380,0.0,0.0,0.0,0.0,0.0
381,0.0,0.0,0.0,0.0,0.0
382,0.0,0.0,0.0,0.0,0.0
383,0.0,0.0,0.0,0.0,0.0
384,0.0,0.0,0.0,0.0,0.0
385,0.0,0.0,0.0,0.0,0.0
386,0.0,0.0,0.0,0.0,0.0
387,0.0,0.0,0.0,0.0,0.0
388,0.0,0.0,0.0,0.0,0.0
389,0.0,0.0,0.0,0.0,0.0
390,0.0,0.0,0.0,0.0,0.0
391,0.0,0.0,0.0,0.0,0.0
392,0.0,0.0,0.0,0.0,0.0
393,0.0,0.0,0.0,0.0,0.0
394,0.0,0.0,0.0,0.0,0.0
395,0.0,0.0,0.0,0.0,0.0
396,0.0,0.0,0.0,0.0,0.0
397,0.0,0.0,0.0,0.0,0.0
398,0.0,0.0,0.0,0.0,0.0
399,0.0,0.0,0.0,0.0,0.0
400,0.0,0.0,0.0,0.0,0.0
401,0.0,0.0,0.0,0.0,0.0
402,0.0,0.0,0.0,0.0,0.0
403,0.0,0.0,0.0,0.0,0.0
404,0.0,0.0,0.0,0.0,0.0
405,0.0,0.0,0.0,0.0,0.0
406,0.0,0.0,0.0,0.0,0.0
407,0.0,0.0,0.0,0.0,0.0
408,0.0,0.0,0.0,0.0,0.0
409,0.0,0.0,0.0,0.0,0.0
410,0.0,0.0,0.0,0.0,0.0
411,0.0,0.0,0.0,0.0,0.0
412,0.0,0.0,0.0,0.0,0.0
413,0.0,0.0,0.0,0.0,0.0
414,0.0,0.0,0.0,0.0,0.0
415,0.0,0.0,0.0,0.0,0.0
416,0.0,0.0,0.0,0.0,0.0
417,0.0,0.0,0.0,0.0,0.0
418,0.0,0.0,0.0,0.0,0.0
419,0.0,0.0,0.0,0.0,0.0
